{
	"objv_o0_CH0RANK0Byte0": {
		"value_in_config": -0.9999999999999993,
		"threshold_scaled": 0.9226595760856392,
		"threshold": -1.00542551088669,
		"max_in_data": 0.0,
		"min_in_data": -13.0
	},
	"objv_o0_CH0RANK0Byte1": {
		"value_in_config": 0.0,
		"threshold_scaled": 0.9954787235053524,
		"threshold": -0.05877659443041949,
		"max_in_data": 0.0,
		"min_in_data": -13.0
	},
	"objv_o0_CH0RANK0Byte2": {
		"value_in_config": 0.0,
		"threshold_scaled": 0.9954787235053524,
		"threshold": -0.040691488451829017,
		"max_in_data": 0.0,
		"min_in_data": -9.0
	},
	"objv_o0_CH0RANK0Byte3": {
		"value_in_config": 0.0,
		"threshold_scaled": 0.9954787235053524,
		"threshold": -0.04973404144112337,
		"max_in_data": 0.0,
		"min_in_data": -11.0
	},
	"objv_o0_CH0RANK0Byte4": {
		"value_in_config": 0.0,
		"threshold_scaled": 0.9954787235053524,
		"threshold": -0.04733211330334264,
		"max_in_data": 0.0,
		"min_in_data": -10.46875
	},
	"objv_o0_CH0RANK0Byte5": {
		"value_in_config": 0.0,
		"threshold_scaled": 0.9954787235053524,
		"threshold": -0.01921542510225205,
		"max_in_data": 0.0,
		"min_in_data": -4.25
	},
	"objv_o0_CH0RANK0Byte6": {
		"value_in_config": 0.0,
		"threshold_scaled": 0.9954787235053524,
		"threshold": -0.03164893546253289,
		"max_in_data": 0.0,
		"min_in_data": -7.0
	},
	"objv_o0_CH0RANK0Byte7": {
		"value_in_config": 0.0,
		"threshold_scaled": 0.9954787235053524,
		"threshold": -0.03164893546253289,
		"max_in_data": 0.0,
		"min_in_data": -7.0
	},
	"objv_o0_CH0RANK1Byte0": {
		"value_in_config": 0.0,
		"threshold_scaled": 0.9954787235053524,
		"threshold": -0.03164893546253289,
		"max_in_data": 0.0,
		"min_in_data": -7.0
	},
	"objv_o0_CH0RANK1Byte1": {
		"value_in_config": 0.0,
		"threshold_scaled": 0.9954787235053524,
		"threshold": -0.01921542510225205,
		"max_in_data": 0.0,
		"min_in_data": -4.25
	},
	"objv_o0_CH0RANK1Byte2": {
		"value_in_config": 0.0,
		"threshold_scaled": 0.9954787235053524,
		"threshold": -0.040691488451829017,
		"max_in_data": 0.0,
		"min_in_data": -9.0
	},
	"objv_o0_CH0RANK1Byte3": {
		"value_in_config": -1.0,
		"threshold_scaled": 0.8771479254638311,
		"threshold": -1.0135296149233932,
		"max_in_data": 0.0,
		"min_in_data": -8.25
	},
	"objv_o0_CH0RANK1Byte4": {
		"value_in_config": 0.0,
		"threshold_scaled": 0.9954787235053524,
		"threshold": -0.02260638247323854,
		"max_in_data": 0.0,
		"min_in_data": -5.0
	},
	"objv_o0_CH0RANK1Byte5": {
		"value_in_config": 0.0,
		"threshold_scaled": 0.9954787235053524,
		"threshold": -0.03730053108084341,
		"max_in_data": 0.0,
		"min_in_data": -8.25
	},
	"objv_o0_CH0RANK1Byte6": {
		"value_in_config": 0.0,
		"threshold_scaled": 0.9954787235053524,
		"threshold": -0.03730053108084341,
		"max_in_data": 0.0,
		"min_in_data": -8.25
	},
	"objv_o0_CH0RANK1Byte7": {
		"value_in_config": 0.0,
		"threshold_scaled": 0.9954787235053524,
		"threshold": -0.03730053108084341,
		"max_in_data": 0.0,
		"min_in_data": -8.25
	},
	"objv_o0_CH1RANK0Byte0": {
		"value_in_config": 0.0,
		"threshold_scaled": 0.9954787235053524,
		"threshold": -0.01921542510225205,
		"max_in_data": 0.0,
		"min_in_data": -4.25
	},
	"objv_o0_CH1RANK0Byte1": {
		"value_in_config": 0.0,
		"threshold_scaled": 0.9954787235053524,
		"threshold": -0.03730053108084341,
		"max_in_data": 0.0,
		"min_in_data": -8.25
	},
	"objv_o0_CH1RANK0Byte2": {
		"value_in_config": 0.0,
		"threshold_scaled": 0.9954787235053524,
		"threshold": -0.013563829483942857,
		"max_in_data": 0.0,
		"min_in_data": -3.0
	},
	"objv_o0_CH1RANK0Byte3": {
		"value_in_config": 0.0,
		"threshold_scaled": 0.9954787235053524,
		"threshold": -0.004521276494647619,
		"max_in_data": 0.0,
		"min_in_data": -1.0
	},
	"objv_o0_CH1RANK0Byte4": {
		"value_in_config": 0.0,
		"threshold_scaled": 0.9954787235053524,
		"threshold": -0.03164893546253289,
		"max_in_data": 0.0,
		"min_in_data": -7.0
	},
	"objv_o0_CH1RANK0Byte5": {
		"value_in_config": 0.0,
		"threshold_scaled": 0.9954787235053524,
		"threshold": -0.03164893546253289,
		"max_in_data": 0.0,
		"min_in_data": -7.0
	},
	"objv_o0_CH1RANK0Byte6": {
		"value_in_config": 0.0,
		"threshold_scaled": 0.9954787235053524,
		"threshold": -0.021099290309862795,
		"max_in_data": 0.0,
		"min_in_data": -4.666666667
	},
	"objv_o0_CH1RANK0Byte7": {
		"value_in_config": 0.0,
		"threshold_scaled": 0.9954787235053524,
		"threshold": -0.02260638247323854,
		"max_in_data": 0.0,
		"min_in_data": -5.0
	},
	"objv_o0_CH1RANK1Byte0": {
		"value_in_config": 0.0,
		"threshold_scaled": 0.9954787235053524,
		"threshold": -0.02260638247323854,
		"max_in_data": 0.0,
		"min_in_data": -5.0
	},
	"objv_o0_CH1RANK1Byte1": {
		"value_in_config": 0.0,
		"threshold_scaled": 0.9954787235053524,
		"threshold": -0.040691488451829017,
		"max_in_data": 0.0,
		"min_in_data": -9.0
	},
	"objv_o0_CH1RANK1Byte2": {
		"value_in_config": 0.0,
		"threshold_scaled": 0.9954787235053524,
		"threshold": -0.03730053108084341,
		"max_in_data": 0.0,
		"min_in_data": -8.25
	},
	"objv_o0_CH1RANK1Byte3": {
		"value_in_config": 0.0,
		"threshold_scaled": 0.9954787235053524,
		"threshold": -0.03730053108084341,
		"max_in_data": 0.0,
		"min_in_data": -8.25
	},
	"objv_o0_CH1RANK1Byte4": {
		"value_in_config": 0.0,
		"threshold_scaled": 0.9954787235053524,
		"threshold": -0.02260638247323854,
		"max_in_data": 0.0,
		"min_in_data": -5.0
	},
	"objv_o0_CH1RANK1Byte5": {
		"value_in_config": 0.0,
		"threshold_scaled": 0.9954787235053524,
		"threshold": -0.02260638247323854,
		"max_in_data": 0.0,
		"min_in_data": -5.0
	},
	"objv_o0_CH1RANK1Byte6": {
		"value_in_config": 0.0,
		"threshold_scaled": 0.9954787235053524,
		"threshold": -0.02260638247323854,
		"max_in_data": 0.0,
		"min_in_data": -5.0
	},
	"objv_o0_CH1RANK1Byte7": {
		"value_in_config": 0.0,
		"threshold_scaled": 0.9954787235053524,
		"threshold": -0.03730053108084341,
		"max_in_data": 0.0,
		"min_in_data": -8.25
	},
	"objv_o1_CH0RANK0Byte0": {
		"value_in_config": -19.2,
		"threshold_scaled": 0.6641686071708864,
		"threshold": -19.247962742318983,
		"max_in_data": -12.8,
		"min_in_data": -32.0
	},
	"objv_o1_CH0RANK0Byte1": {
		"value_in_config": -19.2,
		"threshold_scaled": 0.6244274286023574,
		"threshold": -19.2293156555593,
		"max_in_data": 0.0,
		"min_in_data": -51.2
	},
	"objv_o1_CH0RANK0Byte2": {
		"value_in_config": -12.8,
		"threshold_scaled": 0.9954787235053524,
		"threshold": -12.886808508697236,
		"max_in_data": -12.8,
		"min_in_data": -32.0
	},
	"objv_o1_CH0RANK0Byte3": {
		"value_in_config": -12.800000000000002,
		"threshold_scaled": 0.9954787235053524,
		"threshold": -12.902557621805187,
		"max_in_data": -12.8,
		"min_in_data": -35.48333333
	},
	"objv_o1_CH0RANK0Byte4": {
		"value_in_config": -19.2,
		"threshold_scaled": 0.7156917717874804,
		"threshold": -19.24905830900629,
		"max_in_data": -12.8,
		"min_in_data": -35.48333333
	},
	"objv_o1_CH0RANK0Byte5": {
		"value_in_config": -19.200000000000003,
		"threshold_scaled": 0.5695726624876262,
		"threshold": -19.283144720554347,
		"max_in_data": 0.0,
		"min_in_data": -44.8
	},
	"objv_o1_CH0RANK0Byte6": {
		"value_in_config": -19.2,
		"threshold_scaled": 0.7975144189901908,
		"threshold": -19.279538592313894,
		"max_in_data": -12.8,
		"min_in_data": -44.8
	},
	"objv_o1_CH0RANK0Byte7": {
		"value_in_config": -19.2,
		"threshold_scaled": 0.9954787235053524,
		"threshold": -19.286808508697234,
		"max_in_data": -19.2,
		"min_in_data": -38.4
	},
	"objv_o1_CH0RANK1Byte0": {
		"value_in_config": -19.2,
		"threshold_scaled": 0.7468769181824042,
		"threshold": -19.27995089453045,
		"max_in_data": -12.8,
		"min_in_data": -38.4
	},
	"objv_o1_CH0RANK1Byte1": {
		"value_in_config": -19.200000000000003,
		"threshold_scaled": 0.5695726624876262,
		"threshold": -19.283144720554347,
		"max_in_data": 0.0,
		"min_in_data": -44.8
	},
	"objv_o1_CH0RANK1Byte2": {
		"value_in_config": -19.2,
		"threshold_scaled": 0.7156917717874804,
		"threshold": -19.24905830900629,
		"max_in_data": -12.8,
		"min_in_data": -35.48333333
	},
	"objv_o1_CH0RANK1Byte3": {
		"value_in_config": -19.2,