Iteration,X1,X2,F1,F2,objective1
vacuity,1.0,1.0,8.041,31.960250000000002,-31.960250000000002
final,4.9375,2.9375,133.65179999999998,4.062950000000001,-4.062950000000001
