Iteration,X1,X2,F1,F2,objective1
vacuity,4.975000023841858,2.9149999022483826,131.8824,4.370600000000001,-4.370600000000001
final,4.9375,2.9375,133.65179999999998,4.062950000000001,-4.062950000000001
