{
	"ate": {
		"min": 0.0,
		"max": 0.6676785446095399
	},
	"chicken": {
		"min": 0.0,
		"max": 0.7852882757103967
	},
	"loves": {
		"min": 0.0,
		"max": 0.5773502691896257
	},
	"luki": {
		"min": 0.0,
		"max": 0.7071067811865475
	},
	"pizza": {
		"min": 0.0,
		"max": 0.7071067811865475
	},
	"tall": {
		"min": 0.0,
		"max": 0.7852882757103967
	},
	"thor": {
		"min": 0.0,
		"max": 0.5773502691896257
	},
	"label": {
		"min": 0,
		"max": 1
	}
}