response,msqe,r2_score
y1,9.17888310254665,-1.5815608725912451
y2,69.47179557753248,-18.53894250618101
