response,msqe,r2_score
PF,4.437342591868191e-31,1.0
PF1,5.3771964047291625e-31,1.0
