response,msqe,r2_score
y1,9.399637056449011,-1.3792831299136559
y2,6.5488728872416635,-0.6576834495830459
