response,msqe,r2_score
y1,0.15895140760942977,-7.606478035641164
y2,23.1638499944143,-0.880167368317976
