,y1,y2,y1_nn_keras,y2_nn_keras
3,5.0,5.0,3.7800293,6.347847
4,9.0,5.0,5.0789943,5.0838227
5,9.0,9.0,5.0789943,5.0838227
0,5.0,9.0,4.5406675,5.607669
10,9.0,5.0,5.0789943,5.0838227
9,5.0,5.0,2.92791,7.177045
6,5.0,5.0,5.0789943,5.0838227
1,9.0,9.0,2.7906897,7.310574
