{
	"skipgram_0": {
		"min": -0.07609999179840088,
		"max": 0.002155361231416464
	},
	"skipgram_1": {
		"min": -0.04802827537059784,
		"max": 0.010486462153494358
	},
	"skipgram_2": {
		"min": -0.07105095684528351,
		"max": 0.033253367990255356
	},
	"num": {
		"min": -5.0,
		"max": 10.2
	},
	"label": {
		"min": 0,
		"max": 1
	}
}