response,msqe,r2_score
y1,11.241586634814674,-1.8103966587036684
y2,53.05751426733425,-13.148670471289133
