response,msqe,r2_score
y1,11.334687943424697,-1.8336719858561743
y2,4.53447618871806,-0.20919365032481596
