response,msqe,r2_score
label,0.03000000000000001,0.9980599267083423
