,y1,y2,y1_nn_keras,y2_nn_keras
0,5,9,4.449587,-0.50975394
1,9,9,5.5718503,-0.6439557
2,5,9,3.9761853,-0.45314395
3,5,5,5.190301,-0.59832954
4,9,5,4.808751,-0.55270326
5,9,9,3.121235,-0.35090783
6,5,5,3.5946357,-0.40751776
7,5,5,3.9761853,-0.45314395
8,9,9,3.9561665,-0.45075008
9,5,5,5.7873487,-0.6697253
10,9,5,4.1916842,-0.47891364
