,y1,y2,y1_nn_keras,y2_nn_keras
0,5.0,9.0,4.5406675,5.607669
1,9.0,9.0,2.7906895,7.3105745
2,5.0,9.0,5.1296883,5.1601877
3,5.0,5.0,3.7800293,6.347847
4,9.0,5.0,5.0789943,5.0838227
5,9.0,9.0,5.0789943,5.0838227
6,5.0,5.0,5.0789943,5.0838227
7,5.0,5.0,5.1296883,5.1601877
8,9.0,9.0,5.3185015,5.4446125
9,5.0,5.0,2.92791,7.177045
10,9.0,5.0,5.0789943,5.0838227
