response,msqe,r2_score
y1,4.529023166423637,-0.27378776555664786
y2,9.136866231838818,-1.5697436277046677
