response,msqe,r2_score
y1,9.478597818863493,-1.3893965335051721
y2,5.789673326736275,-0.4594801511147695
