response,msqe,r2_score
y1,10.679031126014303,-1.6920057630161058
y2,57.53413644284285,-13.503396894966636
