response,msqe,r2_score
label,0.3333333333333333,-0.49999999999999956
