{
	"glove_0": {
		"min": -0.13044092059135437,
		"max": -0.0301413144916296
	},
	"glove_1": {
		"min": 0.6918905377388,
		"max": 0.8990749716758728
	},
	"glove_2": {
		"min": 0.6118505597114563,
		"max": 0.7603446245193481
	},
	"glove_3": {
		"min": 0.43755069375038147,
		"max": 0.7216521501541138
	},
	"glove_4": {
		"min": 0.3503642678260803,
		"max": 0.5946186780929565
	},
	"glove_5": {
		"min": -0.18935829401016235,
		"max": 0.08514774590730667
	},
	"glove_6": {
		"min": 0.21817918121814728,
		"max": 0.6071212291717529
	},
	"glove_7": {
		"min": -0.9862837791442871,
		"max": -0.6244933009147644
	},
	"glove_8": {
		"min": -0.5609216094017029,
		"max": -0.2979930341243744
	},
	"glove_9": {
		"min": -0.019847728312015533,
		"max": 0.06486546248197556
	},
	"glove_10": {
		"min": -0.07704498618841171,
		"max": 0.06616806983947754
	},
	"glove_11": {
		"min": 0.37570124864578247,
		"max": 0.6447765827178955
	},
	"glove_12": {
		"min": -0.6593586802482605,
		"max": -0.48954930901527405
	},
	"glove_13": {
		"min": -0.6463455557823181,
		"max": -0.26714497804641724
	},
	"glove_14": {
		"min": -0.030494501814246178,
		"max": 0.19852061569690704
	},
	"glove_15": {
		"min": -0.11699876934289932,
		"max": 0.07799437642097473
	},
	"glove_16": {
		"min": -0.2904362380504608,
		"max": -0.13159267604351044
	},
	"glove_17": {
		"min": -0.043154988437891006,
		"max": 0.4824187457561493
	},
	"glove_18": {
		"min": -0.36550918221473694,
		"max": -0.19234348833560944
	},
	"glove_19": {
		"min": -0.43124884366989136,
		"max": -0.19991299510002136
	},
	"glove_20": {
		"min": -0.48554185032844543,
		"max": -0.2683325409889221
	},
	"glove_21": {
		"min": -0.47203123569488525,
		"max": -0.26581883430480957
	},
	"glove_22": {
		"min": 0.28139859437942505,
		"max": 0.9180336594581604
	},
	"glove_23": {
		"min": 0.21081875264644623,
		"max": 0.5294543504714966
	},
	"glove_24": {
		"min": -0.28420165181159973,
		"max": -0.01412732619792223
	},
	"glove_25": {
		"min": -0.8880977034568787,
		"max": -0.4973270297050476
	},
	"glove_26": {
		"min": -0.5675060153007507,
		"max": -0.2000143826007843
	},
	"glove_27": {
		"min": -0.23050962388515472,
		"max": 0.09888475388288498
	},
	"glove_28": {
		"min": 0.05924094468355179,
		"max": 0.36788466572761536
	},
	"glove_29": {
		"min": -0.42735031247138977,
		"max": -0.12779375910758972
	},
	"glove_30": {
		"min": 2.292828321456909,
		"max": 2.634770631790161
	},
	"glove_31": {
		"min": -0.10191241651773453,
		"max": 0.19696499407291412
	},
	"glove_32": {
		"min": -0.35731086134910583,
		"max": -0.10920225083827972
	},
	"glove_33": {
		"min": 0.5371370911598206,
		"max": 0.7859050035476685
	},
	"glove_34": {
		"min": 0.026417501270771027,
		"max": 0.21666014194488525
	},
	"glove_35": {
		"min": -0.7621683478355408,
		"max": -0.4423637390136719
	},
	"glove_36": {
		"min": 0.4212934672832489,
		"max": 0.653435230255127
	},
	"glove_37": {
		"min": -0.6751242876052856,
		"max": -0.2502441108226776
	},
	"glove_38": {
		"min": 0.22268231213092804,
		"max": 0.294623464345932
	},
	"glove_39": {
		"min": 0.029452502727508545,
		"max": 0.23404647409915924
	},
	"glove_40": {
		"min": 0.5435472130775452,
		"max": 0.9739475250244141
	},
	"glove_41": {
		"min": -0.16802814602851868,
		"max": 0.07358593493700027
	},
	"glove_42": {
		"min": -0.511303722858429,
		"max": -0.20481549203395844
	},
	"glove_43": {
		"min": -0.1712052822113037,
		"max": 0.1573738008737564
	},
	"glove_44": {
		"min": -0.20439979434013367,
		"max": 0.05953800678253174
	},
	"glove_45": {
		"min": -0.07707833498716354,
		"max": 0.4311407208442688
	},
	"glove_46": {
		"min": 0.1782757192850113,
		"max": 0.3067437410354614
	},
	"glove_47": {
		"min": -0.4698556363582611,
		"max": -0.101236492395401
	},
	"glove_48": {
		"min": 0.2606412470340729,
		"max": 0.4969259798526764
	},
	"glove_49": {
		"min": 0.7144463062286377,
		"max": 0.9257371425628662
	},
	"num": {
		"min": -5.0,
		"max": 10.2
	},
	"label": {
		"min": 0,
		"max": 1
	}
}