,y1,y2,y1_nn_keras,y2_nn_keras
0,5.0233,8.0,0.38512692,1.718816
1,0.6936,12.02,-2.3947418,5.1071863
2,0.6882,8.14,0.44928992,1.337015
3,0.24,8.0,0.44928992,1.337015
4,0.324,8.0,-0.12133391,1.9397738
5,6.03,8.0,0.44928992,1.337015
6,0.9099999999999999,10.125,0.44928992,1.337015
7,0.96,1.12,0.44928992,1.337015
8,10.7007,9.5661,0.44928992,1.337015
9,8.7932,6.401500000000001,0.44928992,1.337015
