,y1,y2,y1_nn_keras,y2_nn_keras
7,5,5,3.9761853,-0.45314395
2,5,9,3.9761853,-0.45314395
8,9,9,3.9561665,-0.45075008
