response,msqe,r2_score
PF ,1.7880333603691098e-29,1.0
|PF |,8.831544352982109e-29,1.0
