,y1,y2,y1_nn_keras,y2_nn_keras
7,5.0,5.0,5.1296883,5.1601877
2,5.0,9.0,5.1296883,5.1601877
8,9.0,9.0,5.3185015,5.4446125
