response,msqe,r2_score
label,0.16666666666666666,0.2500000000000002
