response,msqe,r2_score
y1,23.767935474969942,-0.7197570988979294
y2,42.96805710456557,-4.8861534763359264
