,PF,PF1,PF_poly_sklearn,PF1_poly_sklearn
3,1,1,1.0000000000000004,0.9999999999999991
4,0,1,8.881784197001252e-16,1.0000000000000009
5,0,0,0.0,-8.881784197001252e-16
0,1,0,1.0000000000000009,8.881784197001252e-16
10,0,1,8.881784197001252e-16,1.0000000000000009
9,1,1,1.0000000000000004,0.9999999999999997
6,1,1,1.0,1.0000000000000002
1,0,0,-8.881784197001252e-16,-4.440892098500626e-16
