response,msqe,r2_score
y1,29.67018149181007,-0.9598948445767033
y2,47.91910888210339,-17.24324760207802
