Iteration,X0,X1,X2,F1,F2,objective1,objective2
vacuity,0.5,0.5,0.5,0.7470276962389413,1.2938899245469804,-0.7470276962389413,-1.2938899245469804
"iter(0, 'completed')",0.7109375,0.9375,0.9375,1.0487799758373175,1.0402149526500601,-1.0487799758373175,-1.0402149526500601
final,0.7109375,0.875,0.9375,1.0487799758373175,1.0402149526500601,-1.0487799758373175,-1.0402149526500601
