{
	"objective1": {
		"X1": 511.9,
		"X2": 406.275,
		"Y1": -955.611346830121,
		"objective1_scaled": 0.9980244422968063,
		"objective1": 955.611346830121,
		"threshold_lo_scaled": 0.9970703125,
		"threshold_lo": 953.6947755299911,
		"threshold_up_scaled": 1.0,
		"threshold_up": 959.579671903256,
		"max_in_data": 959.579671903256,
		"min_in_data": -1049.131623504493
	},
	"smlp_execution": "completed",
	"interface_consistent": "true",
	"model_consistent": "true",
	"synthesis_feasible": "true"
}