response,msqe,r2_score
o0,12.640720284770971,0.20418951013871545
o1,1128.8599465331718,0.0961480159072744
