response,msqe,r2_score
o0,12.640720284770978,0.2041895101387149
o1,1128.8599465331724,0.09614801590727473
