response,msqe,r2_score
o0,42.0376141914327,0.3779391086853837
o1,840.974821807496,0.09771289275502437
