response,msqe,r2_score
o0,42.03761419143268,0.37793910868538405
o1,840.9748218074963,0.09771289275502404
